id,ingredient_name,ecode,id_status,desc
1,Adipic Acid,E355,1,"A Component of fat, prepared either naturally from beet juice or synthetically.It's used in baking powders instead of tartar and phosphates because of it's hygroscopic property. Studies show that natural adipic acid is better for health in the long run."
28,Agar,E406,1,"A seaweed derivative also known as agar-agar. It's a gelling agent used in the preparation of jello or jelly similar to the ones prepared from collagen which is an animal derivative. Islamically, agar is far better than collagen.It is typically sold as packaged strips of washed and dried seaweed, or in powdered form."
3,Alanine,,3,"A crystalline water-soluble non-essential amino acid. Any protein-containing food such as meat, poultry, fish, eggs or dairy products is rich in alanine.Some plants also contain alanine.It is important to determine the source of alanine."
4,Albumen,,1,"Egg white is the common name for albumen. It is often separated and used for cooking (for glairs, meringues, souffl?s, and some omelettes), whence it derives its name: when albumen is beaten or cooked it turns white."
5,Albumin,,1,"A water-soluble protein coagulated by heat, found in many animal and plant tissues, especially milk, egg white, and blood plasma."
6,Alcohol,,2,All sorts of alcohol are strictly not permissible for consumption in Islam whether it is alot (e.g. beverages) or a bit (present in food for flavourings).
7,Alpha Carotene (colouring),E160a,4,"Carotene itself is halal but Glycerince may be used as the carrier. If Halal carrier is used, it is Halal."
8,Ambergris,,1,"It is a solid, waxy, flammable substance. Ambergris occurs as a biliary secretion of the intestines of the sperm whale, and can be found floating upon the sea, or in the sand near the coast. Procedures for the microbial production of ambrox have also been devised.Its been used for medicinal, flavoring purposes and important perfume odorant."
9,Amylose,,1,"It is one of the two components of starch, the other being amylopectin.Out of the two amylose is preferred for storage in plants."
10,Anatto Extracts,E160b,1,"Yellowish red dye made from the pulp enclosing the seeds of a small tropical tree, used to color fabric and food products."
11,Anchovies,,1,"Small fish.They are a key ingredient in Caesar salad and Spaghetti alla Puttanesca, and are often used as a pizza topping. Because of the strong flavor they are also an ingredient in several sauces, including Worcestershire sauce and many fish sauces."
12,Animal Fat,,4,"Animal fats are fats obtained from animal sources, including:blubber, cod liver oil, lard (pork fat), tallow (beef fat), schmaltz(chicken fat).Lard is haram in any case.As for other sources of animal fat they must come from a zabihah animal.Fish oil is also halal."
13,Animal Shortening,,4,"Shortening is a type of fat that is solid at room temperature, and is used for making many baked foods. Animal shortening, such as lard, must be avoided.Shortening from zabihah animal is halal"
14,Animal Tissue Extract,,2,"We must consider it haram if no indication or label specifying it from a halal source (zabihah animal, fish)"
15,Antioxidants,,1,Chemical compounds used to protect certain food components from being destroyed or lost through oxidation.
16,Artificial colour,,4,"It Adds colour to the food product.In its dry powder or granular form it is halal.However liquid colours have vegetable oil or glycerin added.Glycerin of plant source is halal.Some natural food colours are as follows: Caramel coloring is found in Coca-Cola and other cola products. It is made from caramelized sugar. Annatto is a reddish-orange dye made from the seed of a tropical tree. Chlorella is green, and derived from algae. Cochineal is a red dye derived from cochineal insects."
17,Artificial Flavors,,4,Artificial Flavors are usually made from chemical and synthetic raw material. For Halal artificial flavor the synthetic raw material has to be Halal and solvent should not be alcohol.Artificial flavours made from haram raw material(e.g alcohol used as a solvent) is haram.
18,Ascorbic acid,E300,1,"Also known as Vitamin C, Ascorbic acid is a stabilizer and a colour preservative.Commercially its main source is chemical, synthetic and mineral.Naturally it is found in orange, lemon, grapefruit, lime, billy goat plum, camu camu."
19,Aspartame,E951,1,"This sweetener is marketed under a number of trademark names, such as Equal, NutraSweet, and Canderel, and is an ingredient of approximately 6, 000 consumer foods and beverages sold worldwide. It is commonly used in diet soft drinks, and is often provided as a table condiment."
20,Aspartic Acid,,3,"DL &amp; L Forms; As its name indicates, aspartic acid is the carboxylic acid analog of asparagine.Please consult the manufacturer for details.Until proven otherwise the ingrediant is mushbooh."
21,Aspic Savoury,,4,"savoury clear jelly prepared from a liquid stock made by simmering the bones of beef, veal, chicken, or fish. The aspic congeals when refrigerated by virtue of the natural gelatin that dissolves into the stock from the tendons; commercial sheet or powdered gelatin is sometimes added to ensure a stiff set. Aspic is used to coat and glaze foods such as cold meats and fish.Doubt arises where the jelly is prepared from the stock obtained from non-zabihah animal."
22,Bacon,,2,A side of pig meat (pork).
23,Beer,,2,It is an alcoholic beverage not permissible in islam whether in small quantities or large.
24,"Benzoate, Benzoic, Benzoate of soda",,1,Benzoic acid and sodium benzoate are used as food preservatives.
25,Beta Carotene,E160,4,"Provitamin A; Halal status depends on the carrier. Pork gelatin may be used as a carrier, in which case it becomes haram."
26,BHA Butylated hydroxyanisole,E320,1,Chemical preservative and an antioxidant
27,BHT Butylated hydroxyanisole,E321,1,Chemical preservative and an antioxidant. Halal if the carrier is halal
28,Bile Salts,,4,"Bile is the yellowish brown or green liquid secreted by the liver. Food industry uses bile salts whenever there is fat to be emulsified so that it can be easily digested and hydrolysed. Since the origin of bile salts is animal, one must, therefore, find out the type of animal used. If the source is pork, then, definitely, it becomes Haram."
29,Biotin Vitamin H; Vitamin B Factor,,1,"A vitamin in the B complex mainly found in egg yolk, cereals, liver, and milk and is used by the body in metabolizing fat and carbohydrates. It's Deficiency can lead to dermatitis, loss of appetite, hair loss, and anemia."
30,Biscuits,,4,Quite likely to contain animal fats unless stated otherwise (i.e. indicating suitable for vegetarians).
31,Bleaching Agents,,1,"Chemicals which through oxidation, result in whitening of various products. Most brands of flour we use today are bleached, hence the exceptionally white appearance. Nutritionally, it is better to use brown flour. This also applies to bread."
32,Bone,,4,"Used in bone china and cutlery handles. Depends if it's from a specified Halal animal source, haram otherwise."
33,Bran,,1,"A substance that forms the outer layers of grain obtained as a by-product of wet milling. Bran contains rich amount of cellulose and fibre. Important to health, it increases peristaltic movement, improves defecation and reduces cancer of the colon."
34,Breakfast cereals,,4,Can contain haram ingredients unless stated otherwise (i.e. sign indicating suitable for vegetarians).
35,Butter,,1,"Solidified milk fat, especially cow's milk, used principally as a food item. Pure butter is suitable for vegetarians."
36,Butyric Acid,,1,A short chain fatty acid found in milk.
37,Calcium carrageenan,,1,"Thickener, gelling agent, improves mouth feel. Found in AquaFresh tooth paste."
38,Calcium cyclamate,E952,1,"An artificially prepared salt of cyclamic acid, formerly used as a nonnutritive low-calorie sweetener but now banned because of possible carcinogenic effects of its metabolic products."
39,Calcium disodium EDTA,,1,"It's used in industrial cleaning, detergents, in textile industry as a bleach stabilizer and added in food as a preservative."
40,Calcium saccharin,E954,1,artificial sweetening substance
41,Calcium stearoyl lactylate,E482,4,Similar to E481 but with calcium as the added mineral instead of sodium.
42,Calcium/Sodium Caseinate,,1,"Casein mixed with a metal, like calcium caseinate or sodium caseinate. They are used as sources of protein for nutrition."
43,Capsules,,2,"Usually made from gelatine, however vegetarian alternatives are also available in pharmacies which are halal."
44,Carrageenan,E407,1,"A complex carbohydrate obtained from edible red seaweeds, used in the commercial preparation of several kinds of food and drink;Also present in several brands of tooth paste. Acts as a Gelling agent, emulsifier, thickener, stabilizer and suspending agent."
45,Casein,,1,"This is a product made when milk is heated with an acid, like lactic acid. Caseins are used as food colors, where they make a nice opaque white color, which can then be tinted with other colors as required."
46,Caviar,,1,Fish eggs. The fish must be killed to obtain the eggs.
47,Cellulose gum,,1,Stabilizer and thickeners.
48,Cheese,,4,Likely to have been produced using animal rennet. Halal if vegetarian rennet is used (either microbial or synthetic). When buying please look for a sign indicating suitable for vegetarians.
49,Chelate (Chelation),,4,A complex chemical compound formed through the process of chelation. Its source could either be of plants or animals.
50,Chewing gum,,4,"Five basic ingredients: gum base, sugar or another sweetener, corn syrup, softener, and flavorings. Sugar sweetens the gum, corn syrup makes it fresh and flexible, and vegetable oil keeps the ingredients blended by retaining moisture. Often contains glycerine. Wrigleys use a vegetable glycerine."
51,Chips,,4,"Depending upon the flavours added(e.g. beef tallow is haram) and the oil (e.g. vegetable oil is halal, animal fat is haram) used in frying."
52,Chitin,,1,"chitin, main constituent of the shells of arthropods(e.g. shrimp, crab). It is a polysaccharide analogous in chemical structure to cellulose."
53,Chocolate,,4,Whey and emulsifiers in chocolates affect their credibility as halal.Please read the chocolate wrapper for ingredients and watch out for Whey and certain emulsifiers as they are haram.
54,Chocolate Liquor,,1,"Also known as cocoa liquor and cocoa mass, is a smooth liquid form of chocolate made from cocoa beans. It is used in making candy, drinks and chocolate flavoured foods. It does not contain alcohol. (???)"
55,Cholesterol,,2,"A type of fat always of animal origin. If extracted from a dhabiha animal, it is halal."
56,Citric acid,E330,1,"Citric acid is a weak organic acid found in citrus fruits like lemon, lime and oranges. It is a natural preservative and is also used to add an acidic (sour) taste to foods and soft drinks."
57,CMC (Carboxymethyl cellulose),E466,1,"Methylcellulose is used as a thickener in sauces and salad dressings, and as a thickener and stabilizer in ice cream, where it helps prevent ice crystals from forming during freezing or re-freezing after a thaw."
58,Cobalamine,,1,Synthetically prepared Vitamin B12.
59,Cochineal,E120,2,"Colourant, made from crushed insects.Imparts deep red shade to fruit juices, gelatins, candies(e.g. red smarties), shampoos.Natural carmine dye used in food and cosmetics is unacceptable for  Muslims because the dye is extracted from insects."
60,Cocoa Butter,,1,"It is the edible natural fat of the cacao bean, extracted during the process of making chocolate and cocoa powder and used in candies and confections. The smooth texture and sweet fragrance of cocoa butter makes it a popular ingredient in cosmetics and skin care products, such as soaps and lotions."
61,Corn starch,,1,"It is added to processed meats (lunch meats, hot dogs, sausages, etc.) as a filler, binder, moisture retainer, and fat substitute. They are added to soups, sauces and gravies as thickeners. They are used in extruded cereals and snacks to hold the shape of the material."
62,Cream of Tartar,,1,"It is used commercially in some soft drinks, candies, bakery products, gelatin desserts, and photography products. Cream of tartar can also be used to clean brass and copper cookware.Watch out for alcohol-based source."
63,Crisps,,4,"Often use whey as a flavour carrier, ready salted are the only clearly vegetarian flavour, though some beef crisps are flavoured with yeast extract and are therefore suitable.Always read the packaging to confirm the presence of halal ingredients."
64,Cyclamic acid,E952,1,"An artificial sweetening substance often used synergistically with other artificial sweeteners, especially saccharin; the mixture of 10 parts cyclamate to 1 part saccharin is common and masks the off-tastes of both sweeteners."
65,Dextrose,,1,"Used as sweeteners, as thickeners, and as structural elements in foods. Other names for dextrose include corn syrup, dextroglucose, invert sugar and glucose."
66,Di or monoglyceride,E471,4,"It is an Emulsifier which can be of vegetable or animal origin. There are two ways of finding out : either the wrapper says ""suitable for vegetarians"" or you have to ask the manufacturer (this has been done for the manufacturers listed above). If of animal origin it should be suspected till the source is known(whether zabiha animal or not)."
67,Diglycerides (plant),E471,1,"Emulsifier. These are natural components of edible oils that are found in low amounts in all vegetable oils. They are also used in small quantities in some foods as an emulsifier, such as mayonnaise and margarine."
68,Dimethylpolysiloxane,E900,1,"As a food additive, it has the E number E900 and is used as an anti-foaming agent and an anti-caking agent."
69,Dipotassium phosphate,,1,"Emulsifier, Used as additive in the coffee creamers substitute and as nutrient in various powdered materials (stabilizer (emulsifier) in non-dairy creamers, bodybuilding drinks). Also used as a buffering agent in certain pharmaceuticals."
70,Disaccharide,,1,The sources are mainly plants.It is an added sugar in food and drinks.
71,Disodium Guanylate / Disodium Inosinate,,1,"Disodium guanylate is a flavor enhancer derived from dried fish or dried seaweed. It is a by-product of disodium inosinate. It is also known as Flavour enhancer 627 or Flavour Enhancer E627. It is found in instant noodles, potato chips and snacks, savoury rice, tinned vegetables, cured meats, packet soup."
72,Dry Artificial Colors,,1,if not extracted with alcohol
73,Edible Fats,,4,Can mean both vegetable or animal fats.Check the packaging for the source of fat.
74,Egg,,1,Some vegetarians may wish to avoid battery eggs and/or barn eggs. The Vegetarian Society does not award its V symbol to any products containing eggs other than free range.
75,Elastin,,1,Elastin is one of the essential proteins that hold the human body together.It has it's uses in the field of medicine.
76,Emulsifiers,,4,"Food additive used to keep oils dispersed and in suspension, in products such as mayonnaise and peanut butter. Egg yolk is a naturally occurring emulsifier, but most of the emulsifiers in commercial use today are synthetic chemicals which May not be vegetarian."
77,Enzyme,,4,"A protein substance produced in living cells, that influences a chemical reaction within a plant or animal without being changed itself; an organic catalyst. Enzymes help break down food so that it can be digested.Some enzymes are halal while others are haram."
78,Enzyme treated starches,,4,"thickener, vegetable gum, the enzyme with which it is treated is in question."
79,Erythorbic acid,E317,1,"It is a vegetable derived food additive produced from sucrose. It is denoted by E Number E315, it is widely used as an antioxidant in processed foods."
80,Estradiol,,1,"Labelled the ""female"" hormone but also present in males, it represents the major estrogen in humans. It is synthesized for use in treating estrogen deficiency and breast cancer."
81,Estrogen,,1,"Group of steroid compounds, estrogens are used as part of some oral contraceptives and also in estrogen replacement therapy of postmenopausal women."
82,Estrone,,1,An estrogenic hormone produced in the ovaries and synthesized for use in treating estrogen deficiency and breast cancer.
83,Ethanol,,2,Consumption of alcohol is forbidden in Islam whether it is in small quantities(e.g add flavour) or large (e.g. alcoholic beverage).
84,Ethyl Alcohol,,2,Consumption of alcohol is forbidden in Islam whether it is in small quantities(e.g add flavour) or large (e.g. alcoholic beverage).
85,Ethylene Oxide,,3,"The chemical compound ethylene oxide is an important industrial chemical used as an intermediate in the production of ethylene glycol and other chemicals, and as a sterilant for foodstuffs and medical supplies."
86,Farina,,1,"A granular flour or meal made from cereal grains, especially whole wheat. It is used as an ingredient in many dishes and in processed foods such as breakfast cereals and pasta."
87,Fatty Acids,,4,"May be of animal(lard) or vegetable origin(coconut oil, olive oil, palm oil, sunflower oil etc)."
88,Fiber,,1,"Fiber is present in all plants that are eaten for food, including fruits, vegetables, grains, and legumes.It provides roughage to diet."
89,Folic Acid,,4,Folic acid in flour enrichment is from vegetable or chemical synthetic source and the whole enrichment for flour is kosher certified and halal. But folic acid and other vitamins in vitamin supplements or other vitamin fortified foods may not use the vegetable source all the time.
90,Food yeast,,1,"Microscopic, unicellular, fungal plant used for fermentation process and in baking bread. Yeast is also used in nutritional supplements popular with vegans and the health conscious."
91,Fructose,,1,"A fruit sugar found in honey; tree fruits; berries; melons; and some root vegetables, such as beets, sweet potatoes, parsnips and onions, usually in combination with sucrose and glucose. It is used in many food products and in pharmaceutics."
92,Fumaric acid,E297,1,"Fumaric acid is a food acidulant used since 1946 because it is non-toxic. It is a common component of food additives and dietar supplements, and is sometimes used as a substitute for tartaric acid in beverages or baking powder."
93,Galactose,,1,"Galactose is an essential sugar found in abundance in the diet, especially in dairy products, where it co-exists with lactose, as well as in the pectins of some fruits."
94,"Gelatine, Gelatin, Jello Gelatine",E441,4,"A product obtained (by boiling in water) from the partial hydrolysis of collagen derived from cartilage, bones, tendons and skin in animals. Vegetable gelatine is similar to animal gelatine in its function and is obtained from gluten of wheat or other cereals. Fish gelatine also exists. Concerned Muslims should find out the source of gelatine used. Alternatives such as Agar Agar, Carrageen and Gelozone exist."
95,Gin,,2,A strong colorless alcoholic drink distilled from grain and flavored with juniper berries
96,Gliadin (Gluten),,1,"Gliadin is found in wheat and some other grains, including oats, rye, barley, and millet. People with celiac disease, Crohn's disease, and other conditions may be sensitive to gliadin in the diet."
97,Glucose,,1,"All major dietary carbohydrates contain glucose, either as their only building block, as in starch and glycogen, or together with another monosaccharide, as in sucrose and lactose."
98,Glycerine or Glycerol,E422,1,"A natural carbohydrate alcohol, commercially produced either synthetically from propene, or bacterial fermentation of sugars; it is not produced from fat. Low-calorie sweetener, humectant in bakery and confectionery products.The term carbohydrate alcohol is a chemical definition; glycerol does not contain alcohol."
99,Glycerol monostearate,,4,"Used as emulsifying agents in many products, such as baked goods, whipped cream, and ice cream.It maybe halal or haram depending upon its source."
100,Glycine,,4,"Sweetener, flavour enhancer, Dietary supplement, rancidity retardant. Source may be derived from, or contain ingredients of, animal origin"
101,Gravy Vegetarian,,4,Gravy mixes available in supermarkets.Read the packaging carefully for presence of any non-veg ingrediant.Incase of ordering in a restaurant lookout for a sign indicating suitable for vegetarians or ask the manager.
102,Guar gum,E412,1,"The largest market for guar gum (EU food additive code E412) is in the food industry, where guar gum is used as a thickener and binder of free water in sauces, salad dressings, ice creams, instant noodles, pet foods, processed meats, bread improvers and beverages to name some."
103,Gum arabic,E414,1,"Emulsifier, important ingredient in soft drink syrups, ""hard"" gummy candies like gumdrops, and in marshmallows. For artists it is the traditional binder used in watercolor paint. Pharmaceuticals and cosmetics also use the gum. It is also used often as a lickable adhesive on postage stamps and cigarette papers."
104,Gum tragacanth,E413,1,"As a mucilage or paste it has been used as a topical treatment for burns. It is used in pharmaceuticals and foods as an emulsifier, thickener, stabilizer, and texturant."
105,Ham,,2,Meat cut from the thigh of the hind leg of a hog after curing by salting or smoking
106,Hemi Cellulose,,1,A complex carbohydrate similar to cellulose. Sourced from plants.
107,Histamine,,4,"There are many foods that contain histamine or cause the body to release histamine when ingested.These food maybe halal or haram, veg or non-veg. Some food containing histamine are Anchovies, Avocados, Beer, Canned Foods, Cheeses, Cidars, Eggplant, Fermented Beverages, Fermented Foods, Fish, Herring, Jams and Preserves, Mackerel, Meats, Processed Meats, Salami, Sardines, Sauerkraut, Sausage, Some Oriental Foods, SourCream, Spinach, Tomatoes, Tuna, Vegetables, Vinegars, Wines, Yeast extract, Yogurt. Also prepared synthetically."
108,Honey,,1,"The main uses of honey are in cooking, baking, spreading on bread or toast, and as an addition to various beverages such as tea. Honey is used in traditional folk medicine and apitherapy, and is an excellent natural preservative."
109,Hydrogenated oil,,1,Vegetable oil being hydrogenated making it solid at room temperature.
110,Ice Cream,,4,Different brands and flavours have different ingredients.Read carefully for non dairy fats and haram E numbers.
111,Insulin,,1,"Insulin is a hormone. And like many hormones, insulin is a protein.Used in bread for diabetics and is obtained from plants."
112,Iodine,,1,"A nutrient for thyroid gland. Iodine is used in pharmaceuticals, antiseptics, medicine, food supplements, dyes, catalysts, halogen lights and photography."
113,Isinglass,,1,"A fining agent derived from the swim bladders of certain tropical fish, especially the Chinese sturgeon."
114,Isopropyl citrate,,1,As a sequestering agent in antioxidant mixtures and in fatty foods.It improves &amp; protects flavour
115,Jelly,,2,Usually contains gelatine though alternatives are available.
116,L-Cysteine,E910,4,"L-Cysteine was available from hydrolisis of molecules in human hair.Other sources included pig bristles and feathers which are clearly haram until 2001 when a German company introduced a production route via fermentation (non-human, non-animal origin) which is halal."
117,L-Cysteine monohydrochloride,E920,2,"Derived from proteins, including animal protein and hair. It is a flour treatment agent that can be extracted from duck and chicken feather."
118,Lactic Acid,E270,4,"A bitter-tasting acid that forms when certain bacteria combine with lactose (milk sugar). Lactic acid is used to impart a tart flavor, as well as in the preservation of some foods. It occurs naturally in the souring of milk and can be found in foods such as cheese and yogurt. It's also used in the production of acid-fermented foods such as pickles and sauerkraut. Muslims should be aware that as it is a naturally occurring animal product, it could conceivably be of animal origin."
119,Lactitol,E966,1,Lactilol is a disaccharide analogue of lactulose. Its pharmaceutical use is in the treatment of constipation and hepatic encephalopathy. Lactilol is also used in Japan as a prebiotic and in Europe as a food sweetener.
120,Lactose,,1,"The main sugar present in milk. Upon hydrolysis, yields glucose and galactose. Produced from milk, sometimes as a by product of the cheese making process."
121,Lactostearia,,1,"Emulsifier, inhibits spoilage, flavouring agent"
122,Lactylate,,1,"Inhibits spoilage, flavouring agent"
123,Lanolin,,1,"Also known as wool fat or wool wax, it is used as an ointment base in pharmaceutics and cosmetics. Lanolin is often used as a raw material for producing vitamin D3."
124,Lard,,2,Fat from swine particulaly found in the abdominal cavity.Absolutely Haram for us.
125,Lecithin,E322,4,Halal if it is from soy fat or egg yolk; haram if it is from animal fat.In bread and bakery products it increases volume and also acts as an anti-staling agent.Only the producer can provide details of origin.
126,Lipases,E1104,4,"It is a flavour enchancer, an enzyme produced by the liver, pancreas, or stomach, or by plant seeds, that breaks down fats. Lipase derived from pigs or cattle are Haram. Lipase from cattle slaughtered according to Islamic requirements or lipase produced by micro-organisms is Halal. Bacterial lipase is also Halal."
127,Lipids,,4,"Lipids are essential fatty acids found in fish, plant and animals. If source is animal it is haram unless the cattle is slaughtered according to Islamic requirements.Fish and plant sources are halal."
128,Lysine,,1,"Lysine is the limiting amino acid in all cereal grains, but is plentiful in all pulses (legumes). Fish are also quite rich in lysine.It is used to enrich flour and bread."
129,Magnesium stearate,E470,4,"It is an emulsifier, lubricant, binder, anti-caking agent.A common ingrediant in baby powders. When used as a filling agent in the manufacture of capsules and tablets, such as vitamins, the source of this ingredient is typically beef. However, there is an increasing number of vegetarian options in which the product specifically indicates it contains magnesium stearate from vegetable sources."
130,Malt,,1,"Grain of one or more varieties of barley, which has been soaked in water, is made to germinate and then dried. However, if malt has been allowed to ferment in water anaerobically(without air), alcohol would be produced. The liquid becomes unlawful."
131,Maltitol and maltitol syrup,E965,1,"Maltitol is a sugar alcohol used as a sugar substitute. It has 90% of the sweetness of sucrose (table sugar) and nearly identical properties, except for browning. It is used to replace table sugar because it has less calories, does not promote tooth decay and has a somewhat smaller effect on blood glucose."
132,Maltose,,1,A white crystalline sugar formed by the action of diastases enzyme in malt or starch.
133,Mannitol,E421,1,"It is an emulsifier, anti-caking agent, moisture retaining agent and a sweetner."
134,Margarines,,4,"A fatty solid butter substitute consisting of a blend of hydrogenated vegetable oils mixed with emulsifiers, vitamins, coloring matter, and other ingredients. Depending upon the various brands available in the market these ingredients can be animal fats, fish oils, vitamin D3, E numbers, whey and gelatine."
135,Marshmallow,,4,"The marshmallow is a confection that, in its modern form, consists of sugar or corn syrup, beaten egg whites, gelatin that has been pre-softened in water, gum arabic, and flavorings, whipped to a spongy consistency.In muslim countries halal gelatin is used but one must be careful in non-muslim countries where even pork gelatin may be used."
136,Methyl cellulose,E461,1,"It is a chemical compound derived from cellulose. It is sold under a variety of trade names and is used as a thickener and emulsifier in various food and cosmetic products, and also as a treatment of constipation."
137,Methyl silicone,,1,"Better frying, antifoam"
138,Molasses,,1,"Molasses or treacle is a thick syrup by-product from the processing of the sugarcane or sugar beet into sugar.Cane molasses is a common ingredient in baking, often used in baked goods such as gingerbread cookies"
139,Monosodium Glutamate (MSG),E621,1,"Commonly known as MSG, Ajinomoto or Vetsin, is a sodium salt of glutamic acid. MSG is a food additive, popularly marketed as a ""flavour enhancer"".It is used to impart meat flavour as well as other natural food flavours."
140,Natural Flavoring (or Flavors),,4,These Flavorings may be from an animal sourse or plant source.
141,Niacin,E375,1,"Niacin is also known as nicotinic acid or vitamin B3.It is found naturally in liver, heart, kidney, chicken, tuna, leafy vegetables, tomatoes, carrots, dates, nuts and whole grain products."
142,Oleic Acid,,4,Fatty acids occurring widely in animal fats and vegetable oils. The best source in plants is olive oil whereas in animals it is lard.
143,Olive Oil,,1,"Olive oil is a vegetable oil obtained from the olive. It is used in cooking, cosmetics, soaps, and as a fuel for traditional oil lamps. Olive oil is regarded as a healthy dietary oil because of its high content of monounsaturated fat (mainly oleic acid) and polyphenols."
144,Oxalic Acid,,1,"A poisonous, colorless crystalline organic acid, found in many plants, such as spinach, and used as a bleach and rust remover."
145,Oxidised polyethylene,E914,1,A food additive acting as a glazing agent providing shiny appearance or protective coating to foods. Mostly it's based on wax.
146,Oxysterin,,3,"An antioxidant, sequestrant food additive.Used for preventing oil from clouding."
147,PABA,,1,"PABA is taken orally in vitamin supplements. However, its most widely known use is as a sunscreen"
148,Pasta,,4,All macaroni products that fall under the FDA's standard of identity are considered halal. Pasta products made with flavors or macaroni products used in dinners are not considered halal unless the flavors in pasta or other products in the dinner meet halal requirements.
149,Pastry,,4,"Pastry is the name given to various kinds of dough made from ingredients such as flour, butter, shortening, baking powder and/or eggs.One must make sure the source of butter and shortening is vegetable or incase of animal halal."
150,Pectin,E440a,1,"A gelatinous substance extracted from fruits. Commercial pectin is used in the preparation of jams, jellies and similar food products. Pectin can be used to control diarrhoea."
151,Pepsin,,2,Pepsin a digestive enzyme of gastric juice normally present in human body.It is also obtained from the stomachs of hogs and calves and used as a digestive aid.
152,Phenyl Alanine,,4,"Phenylalanine is an essential amino acid contained in most protein rich foods, but especially good sources are dairy products (curd, milk, cottage cheese), avocados, pulses and legumes (particularly peanuts and lima beans), nuts (pistachios, almonds), seeds (piyal seeds), leafy vegetables, whole grains, poultry, fish and other seafoods."
153,Phosphates,,1,Phosphates are the naturally occurring form of the element phosphorus. Phosphates are often used in laundry detergent as a water softener
154,Phospholipids/Phosphatides,,3,"Phospholipids are a class of lipids formed from four components: fatty acids, a negatively-charged phosphate group, nitrogen containing alcohol and a backbone.One of these components may be haram."
155,Phosphoric Acid,E338,1,"An organic compound which is used in pickling and rust-proofing metals, in acidifying jellies and beverages, and in preparing phosphate salts."
156,Polydextrose,E1200,1,"Polydextrose is commonly used as a replacement for sugar, starch, and fat in commercial cakes, candies, dessert mixes, gelatins, frozen desserts, puddings, and salad dressings. Polydextrose is frequently used as an ingredient in low-carb, sugar-free and diabetic cooking recipes. It's also used as a humectant, stabiliser and thickening agent."
157,Potassium citrate,E332,1,Potassium Citrate is rapidly absorbed when given by mouth and is excreted in the urine as the Carbonate.It may be used to control Uric acid kidney stones.
158,Potassium gluconate,E577,1,"Potassium gluconate is a mineral that is found naturally in foods and is necessary for many normal functions of your body, especially the beating of your heart.Potassium gluconate is used to prevent or to treat potassium deficiency."
159,Potassium phosphate,E340,1,"It is a soluble salt which is used as a fertilizer, a food additive and a fungicide. It is a source of phosphorus and potassium, and is a buffering agent."
160,Propionic acid,E280,1,Propionic acid produced is used as a preservative for both animal feed and food for human consumption. It is also used to make pesticides and pharmaceuticals. The esters of propionic acid are sometimes used as solvents or artificial flavorings.
161,Propylene glycol,E1520,1,"An organic compound, it is a humectant food additive, labeled as E number E1520.It is used as a moisturizer in medicines, cosmetics, food, and tobacco products. Halal if from petroleum or other halal source."
162,Pure vegetable shortening,,1,Source of this kind of shortening is always a plant.
163,Quinoline yellow,E104,4,Quinoline Yellow is a yellow/lime green dye.It is halal in its 100% dry form.In liquid form the solvent must be halal.
164,Rennet or Rennin,,2,"The common source of animal-based rennet is the abomasum (fourth stomach) of slaughtered, milk-fed, newborn cow calves/goats/lamb etc and is thus haram. Rennet is commonly used in the making of cheese and junket. Recently however halal options are also available sourced from fig tree bark, nettles, thistles, mallow. Commercial so-called vegetable rennets usually contain rennet from the mold Mucor miehei.Thus, Unless stated otherwise, consider it haram."
165,Riboflavin,E101,1,"It is also known as vitamin B2 or vitamin G Riboflavin is yellow or orange-yellow in colour and in addition to being used as a food colouring it is also used to fortify some foods. It can be found in baby foods, breakfast cereals, sauces, processed cheese, fruit drinks and vitamin-enriched milk products as well as being widely used in vitamin supplements. Usually the source is synthetic."
166,Roe,,1,"Roe is the fully ripe egg masses of fish and certain marine animals, such as sea urchins, shrimp and scallop. As a seafood it is used both as a cooked ingredient in many dishes and as a raw ingredient."
167,Rum,,2,Rum is a distilled beverage made from sugarcane by-products such as molasses and sugarcane juice. Rum may also be used in a number of cooked dishes. It may be used as a flavoring agent in items such as rum balls or rum cakes. Rum is commonly used to macerate fruit used in fruitcakes and is also used in marinades for some Caribbean dishes.
168,Saccharine,E954,1,"Saccharin is the oldest artificial sweetener, discovered in 1879. It is 300 times sweeter than table sugar. It has no caloric value. It is ideal for diabetics and those who want to cut down on caloric intake. This sweetener has been recently taken off the food industry's 'black list'. Officially, it is safe but it is still considered by many as detrimental."
169,Shellac,E904,2,Shellac is a brittle or flaky secretion of the lac insect Coccus lacca.It is used as an outer fruit coating to prevent post-harvest decay (e.g. apples); in dental technology it is used in the production of custom impression trays.
170,Shortening,,4,"Shortening is a semisolid fat used in food preparation, especially baked goods.Both animal and vegetable shortenings are available.The term ""shortening"" can be used more broadly to apply to any fat, such as butter, lard, or margarine, used in baking, but as used in recipes it refers to a hydrogenated vegetable oil that is solid at room temperature hence one must confirm the source before eating."
171,Soap,,4,"Soap is a surfactant used in conjunction with water for washing and cleaning. Soap is derived from either oils or fats. Sodium tallowate, a common ingredient in many soaps, is in fact derived from rendered beef fat which makes it haram.However, Soap can also be made of vegetable oils, such as olive oil.Vegetable oil based soaps are widely available in market."
172,Sodium acid pyro-phosphate,E450,1,"It used in a variety of food applications including as a leavening agent in baked goods, a water retention agent for cooked meat products, as a sequesterant (as in potato processing), buffer and as a scald agent (poultry)."
173,Sodium alginate,E401,1,"It is the sodium salt of alginic acid. Its form as a gum, when extracted from the cell walls of brown algae, is used by the foods industry to increase viscosity and as an emulsifier. It is also used in indigestion tablets."
174,Sodium ascorbate,E301,1,It is the sodium salt of ascorbic acid..It is a food additive serving as a preservative and colour fixative.
175,Sodium bicarbonate,E500,1,"The salt has many other names including sodium hydrogen carbonate and ""sodium bicarb, "" as well as baking soda, bread soda, saleratus, or bicarbonate of soda. Sodium bicarbonate is primarily used in cooking (baking) where it reacts with other components to release carbon dioxide, that helps dough ""rise."" The acidic compounds that induce this reaction include cream of tartar, lemon juice, yogurt, etc."
176,Sodium bisulfite,E222,1,It is a food preservative.
177,Sodium caseinate,E469,1,"Sodium caseinate is produced by reacting the acid casein with sodium hydroxide. Besides their nutrient value, casein proteins have many other uses. They are good emulsifiers, helping fats to stay suspended in water based products such as milkshakes, coffee creamers, and ice creams. They are also used as binders in processed meats (lunchmeats, sausages, etc.)."
178,Sodium citrate,E331,1,"It is the sodium salt of citric acid. It is chiefly used as a food additive, usually for flavor or as a preservative. Sodium citrate gives club soda both its sour and salty flavors. Sodium citrate is common in lemon-lime soft drinks, and it is partly what causes them to have their sour taste."
179,Sodium cyclamate,E952,1,"Cyclamate is approved as a sweetener in more than 55 countries: for example, the brand-name beverage sweetener Sweet'N Low, which contains only dextrose, saccharin, cream of tartar and calcium silicate in the United States, contains cyclamate in Canada (where saccharin is banned except for diabetic usage)."
180,Sodium hexameta phosphate,,1,A Sequestrant and water blending agent.
181,Sodium Lauryl Sulfate,,1,"Both Sodium Lauryl Sulfate (SLS) and its close relative Sodium Laureth Sulfate (SLES) are commonly used in many soaps, shampoos, detergents, toothpastes and other products that we expect to ""foam up"". Both chemicals are very effective foaming agents, chemically known as surfactants."
182,Sodium metaphosphate,E452,1,It is an insoluble mineral salt.
183,Sodium phosphate,E339,1,"Sodium salts of phosphoric acid, widely used in pharmaceutical manufacturing, medicine, and chemistry."
184,Sodium saccharin,E954,1,It is the oldest artificial sweetening substance. The form used as an artificial sweetener is usually its sodium salt hence the name sodium saccharin.
185,Sodium stearate,,3,Sodium stearate is one of the main compounds in common soap.It is uncertain wether the chemical itself is halal or haram.
186,Sorbic acid,E200,1,"Sorbic acid is a polyunsaturated fat. It is used to inhibit molds, yeasts, and fungi in many foods, such as cheese and baked goods."
187,Sorbitan monostearate,E491,4,"Sorbitan monostearate is an ester of sorbitan and stearic acid and is sometimes referred to as a synthetic wax. It is primarily used for emulsifying water and oils together. Sorbitan monostearate is used in manufacture of food and healthcare products, and is a nonionic surfactant with emulsifying, dispersing, and wetting properties.It's important to determine its source which could be both animal or vegetable."
188,Sorbitol,E420,1,Sorbitol is a sugar substitute often used in diet foods (including diet drinks) and sugar-free chewing gum. It also occurs naturally in many stone fruits. Sorbitol is also used in modern cosmetics as a humectant and thickener.
189,Sour Cream Solids,,4,"Commercial sour cream, is made out of heavy cream, and gets its characteristic tang from the lactic acid created by the bacteria. Sour cream often contains additional ingredients such as gelatin, rennin, and vegetable enzymes.One must make sure that the additional ingredient is halal or from a vegetable source."
190,Soya Sauce,,1,"soya sauce is a fermented sauce made from soybeans (soya beans), roasted grain, water and salt. The sauce, originating in China, is commonly used in East and Southeast Asian cuisine and appears in some Western cuisine dishes, especially as an ingredient in Worcestershire sauce."
191,Sperm oil,,1,"Sperm oil, liquid wax obtained from the sperm whale, or cachalot, and related marine mammals. The oil is an excellent lubricant, especially for watches and other delicate instruments, and is used as a dressing for leather, to protect plants from insects, in tempering steel, and in making soap."
192,Spermaceti,,1,"A solid waxy substance, separated from the oils obtained from the sperm whale and other marine mammals. A mixture of esters of fatty acids, it is composed chiefly of cetyl palmitate. It is used mostly in ointments and cosmetics and in fine candles and was widely employed formerly as the waterproofing medium for oilskins."
193,Stannous chloride,E512,1,"Tin(II) chloride (stannous chloride) is a white crystalline solid widely used as a reducing agent. Stannous chloride is also added as a food additive with E number E512 to some canned and bottled foods, where it serves as a color-retention agent and antioxidant."
194,Stearates,,4,"A salt or ester of stearic acid.It usually comes in the form of _calcium stearate_, and it is found in hard candies like Gobstoppers and Sweetarts as well as other places.Stearic acid present in it maybe derived from tallow, or animal fat hence making it haram to consume unless the animal is zabihah. Stearate is also used in vinyls (like car seats) and plastics."
195,Stearic Acid,E570,4,"Stearic acid is prepared by treating animal fat with water at a high pressure and temperature, leading to the hydrolysis of triglycerides. It can also be obtained from the hydrogenation of some unsaturated vegetable oils. Common stearic acid is actually a mix of stearic acid and palmitic acid, although purified stearic acid is available separately.Depending on the source of this acid it maybe halal or haram.Stearic acid is useful as an ingredient in making candles, soaps, plastics, oil pastel, cosmetics and for softening rubber. Stearic acid is used to harden soaps, particularly those made with vegetable oil, that otherwise tend to be very soft."
196,Sucralose,E955,1,"Sucralose is an artificial sweetener known by the trade name Splenda. Sucralose can be found in more than 4, 500 food and beverage products. Sucralose is used as a replacement of, or in combination with other artificial sweeteners such as aspartame, acesulfame potassium or high-fructose corn syrup."
197,Sucrose acetate isobutyrate,E444,1,"Also known as SAIB it is used as a food additive in drink production. SAIB is a nice stabilizer, and it can adjust the relative density and increase the cloudness of soft drink. Therefore, it is wildly used as food emulsification essence. SAIB can also be used as additive in the lipstick, shampoo and other unctuous or colloidal cosmetic products."
198,Suet,,4,"Suet is raw beef or mutton fat, especially the hard fat found around the loins and kidneys. The type sold in supermarkets is dehydrated suet.Vegetarian suet is readily available in supermarkets in the United Kingdom. It is made from fat such as palm oil combined with rice flour. It resembles shredded beef suet, and is used as a substitute in recipes.Vegetarian suet is halal to eat.Whereas, beef suet must be from a zabiha animal. Usually made from animal fat, vegetable versions are available."
199,Sweetener,,1,Substance that gives a sweet taste.
200,Tallow,,2,"Tallow is rendered beef or mutton fat, processed from suet.It is used in animal feed, to make soap, for cooking, as a bird food, and was once used for making candles.Tallow made from a zabiha animal is ofcourse halal."
201,Tannin,,1,"Tannins are astringent, bitter-tasting plant polyphenols that bind and precipitate proteins. Tannins may be employed medicinally in antidiarrheal, hemostatic, and antihemorrhoidal compounds."
202,Tartaric Acid,E334,1,"It is widely distributed in nature and is classified as a fruit acid. Practically, it is naturally found in grapes, normally by crushing them."
203,Thiamin,,1,"Thiamine also known as vitamin b1 is found naturally in the Green peas, Spinach, Liver, Beef, Pork, Navy beans, Nuts, Pinto beans, Soybeans, Whole-grain and Enriched Cereals, Breads, Yeast, and Legumes.Thiamin supplements are either extracted from fruit or made synthetically hence safe to consume."
204,Tocopherols concentrate,E306,1,"Tocopherols or vitamin E is an antioxidant extracted from soya bean oil, rice germ, wheat germ, maize or green leaves."
205,Tofu,,4,"Tofu, also called bean curd (literal translation), is a food of Chinese origin, made by coagulating soy milk, and then pressing the resulting curds into blocks.Tofu in its simplest form is halal.However a wide variety of processed tofu is available in the market.Some haram ingrediants maybe used in processing which makes the tofu itself haram to consume(e.g. frying in lard, fermenting in alcohol)."
206,Toothpaste,,4,"In a toothpaste Ingredients such as baking soda, enzymes, vitamins, herbs, calcium, mouthwash, are often combined into base mixes and marketed as being beneficial.Calcium used in toothpaste can be derived from animal bones or from lime.Similiarly the enzymes may also be from an animal source.Confirm from the packaging or the manufacturer that its suitable for vegetarians."
207,Torula Yeast,,4,"Torula, in its inactive form, is widely used as a flavouring in processed foods and pet foods. It is produced from wood sugars, as a by-product of paper production.It is halal if grown on sugar cane or halal sulfite waste but Haram if grown on liquor."
208,Triacetin,E1518,1,Commercially prepared from acetic acid and glycerol. Used as a solvent for flavours; it also has some anti-fungal activity.
209,Tryptophan,,1,"Tryptophan is an amino acid and essential in human nutrition. The essential amino acid L-tryptophan helps support relaxation, restful sleep, and feeling better. It plays a part in the synthesis of both melatonin and serotonin, hormones involved with mood and stress respons.Its natural source include oats, bananas, dried dates, milk, yogurt, cottage cheese, red meat, fish, poultry, sesame, chickpeas, sunflower seeds, pumpkin seeds, and peanuts.Make sure the tryptophan available in health stores is suitable for vegetarians."
210,Uric Acid,,3,"Uric acid (or urate) is an organic compound of carbon, nitrogen, oxygen and hydrogen.Found in the urine of mammals and as a dry mass in birds and reptiles. Uric acid or urates have anti-oxidant properties"
211,Vanilla Extract,,2,"A flavouring extract made from the vanilla bean and used in candy, ice cream, and perfumes. To obtain Pure Vanilla Extract, cured Vanilla Beans are steeped in alcohol. According to law, Pure Vanilla Extract must be 35 percent alcohol by volume.Hence making it absolutely haram for consumption."
212,Vanillin or Vanillic Acid,,1,"It is the primary component of the extract of the vanilla bean. Synthetic vanillin is used as a flavoring agent in foods, beverages, and pharmaceuticals. The ice cream and chocolate industries together comprise 75% of the market for vanillin as a flavoring, with smaller amounts being used in confections and baked goods."
213,Vinegar,,1,"Vinegar is commonly used in food preparation, particularly in pickling processes, vinaigrettes, and other salad dressings. It is an ingredient in sauces such as mustard, ketchup, and mayonnaise. Vinegar is an essential component of chutneys. It is often used as a condiment. Marinades often contain vinegar."
214,"Vitamin A, D, E, K",,4,"Animal gelatin is required to microencapsulate Fat soluble Vitamins (A, D, E, K). This gelatin maybe from Pork and Bovine sources making the vitamins haram. MaltoDextrins, Food Starch, and Acacia gum based raw materials are halal replacements for microencapsulation.When buying the vitamins please make sure it indicates ?suitable for vegetarians'.Incase there is present E471 please confirm it is from a vegetable source."
215,Vitamin C,E300,1,Vitamin C as ascorbic acid is the most widely taken nutritional supplement and is available in a variety of forms from tablets and drink mixes to pure ascorbic acid crystals in capsules or as plain powder.When buying in a capsule form make sure the capsule is halal.
216,Whey and Whey Powder,,4,"Whey or milk plasma is the liquid remaining after milk has been curdled and strained; it is a by-product of the manufacture of cheese or casein. It is used as an additive in many processed foods, including breads, crackers and commercial pastry. The most commonly used milk curdling agent is the animal-derived rennet which may not be from a halal source.Vegetable-source rennet or lemon juice, citric acids or sulfuric acid to separate milk into curds and whey is also available in the market hence one must confirm before purchasing."
217,Wine,,2,"Islam forbids the use of alcohol. Some Wine based drinks are Brandy, Calimocho, Mulled wine, Hipocras, Sangria, Spritzer."
218,Wool Fat,,1,An old name for lanolin.
219,Wool Wax,,1,An old name for lanolin.
220,Worcester Sauce,,1,"It is a flavouring used in many dishes, both cooked and uncooked, and particularly with beef.The sauce may contain vinegar, molasses, corn syrup, water, chili peppers, soy sauce, pepper, tamarinds, anchovies, onions, shallots, cloves, asafoetida and garlic which are all Halal ingrediants."
221,Xanthan gum,E415,1,"Xanthan gum is a natural gum polysaccharide. In foods, xanthan gum is most often found in salad dressings and sauces. It helps to stabilize the colloidal oil and solid materials found in these products. It is also used in frozen foods and beverages. Toothpaste often contains xanthan gum, where it serves as a binder to keep the product uniform."
222,Xylitol,E967,1,"Xylitol is also called wood sugar or birch sugar.It is a naturally occurring sweetener found in the fibers of many fruits and vegetables, including various berries, corn husks, oats, and mushrooms.It can be extracted from corn fiber, birch, raspberries, plums, and corn and is primarily produced in China."
223,Yeast,,4,"Many types of yeasts are used for making many foods: Baker's yeast in bread production, brewer's yeast in beer fermentation, yeast in wine fermentation and for xylitol production. Baker's yeast is Halal while the yeast in wine and beer fermentation are haram."
224,Yoghurts,,1,The ingredients used in some low fat yougharts is questionable.Please see details on package or consult the manufacturer for clarification.
225,Zein,,1,"Zein is a class of prolamine protein found in maize.It is used as a coating for candy, nuts, fruit, pills, and other encapsulated foods and drugs. In the United States it may be labeled as ""confectioner's glaze"" and used as a coating on bakery products or as ""vegetable protein."""
226,pork,,2,pig meat
227,Gelatine,E441,4,"A product obtained (by boiling in water) from the partial hydrolysis of collagen derived from cartilage, bones, tendons and skin in animals. Vegetable gelatine is similar to animal gelatine in its function and is obtained from gluten of wheat or other cereals. Fish gelatine also exists. Concerned Muslims should find out the source of gelatine used. Alternatives such as Agar Agar, Carrageen and Gelozone exist."
228,Gelatin,E441,4,"A product obtained (by boiling in water) from the partial hydrolysis of collagen derived from cartilage, bones, tendons and skin in animals. Vegetable gelatine is similar to animal gelatine in its function and is obtained from gluten of wheat or other cereals. Fish gelatine also exists. Concerned Muslims should find out the source of gelatine used. Alternatives such as Agar Agar, Carrageen and Gelozone exist."
229,chicken bone broth,,4,
